ID;category;question;answer;other_answers
1;film;"The 2002 film ""28 Days Later"" is mainly set in which European country?";United Kingdom;England
2;film;"Who played the female lead in the 1933 film ""King Kong""?";Fay Wray;!
3;geography;In which country is Tallinn located?;Estonia;!
4;general_knowledge;What does the 'S' stand for in the abbreviation SIM, as in SIM card?;Subscriber;!
5;geography;What is the capital of Greenland?;Nuuk;!
6;animals;What is the collective noun for bears?;Sloth;Sleuth
7;books;"Who wrote ""Harry Potter""?";J.K. Rowling;!
8;musicals_and_theatres;"The Andrew Lloyd Webber musical ""Cats"" is based off a book of poems written by which author?";T.S. Elliot;!
9;geography;What is the capital of India?;New Delhi;!
10;geography;What is the capital of Hungary?;Budapest;!
11;music;In which city did American rap producer DJ Khaled originate from?;Miami;!
12;computers;According to the International System of Units, how many bytes are in a kilobyte of RAM?;1000;!
13;mathematics;How many sides does a trapezium have?;4;!
14;science_and_nature;Which element has the chemical symbol 'Fe'?;Iron;!
15;mythology;This Greek mythological figure is the god/goddess of battle strategy (among other things).;Athena;!
16;video_games;In the game Dark Souls, what is the name of the region you're in for the majority of the game?;Lordran;!
17;video_games;In Super Smash Bros. for Nintendo 3DS and Nintendo Wii U, who was the sixth fighter to be added to the game post-launch?;Corrin;!
18;music;"Whose signature guitar technique is called the ""windmill""?";Pete Townshend;!
19;music;"The ""K"" in ""K-Pop"" stands for which word?";Korean;!
20;geography;What is the tallest mountain in Canada?;Mount Logan;!
21;television;"Who played the Waitress in the Spam sketch of ""Monty Python's Flying Circus""?";Terry Jones;!
22;general_knowledge;"The Swedish word ""Grunka"" means what in English?";Thing;!
23;video_games;"In ""The Binding of Isaac"", which item instantly kills Mom and Mom's Heart?";The Bible;!
24;video_games;"How many different notes is the tune, ""Song of Healing"", comprised of in ""The Legend of Zelda: Majora's Mask""?";3;!
25;japanese_anime_and_manga;Who is the main character in One Piece?;Luffy;!
26;geography;Which country is within the Eurozone but outside of the Schengen Area?;Ireland;Cyprus
27;history;What was Manfred von Richthofen's nickname?;The Red Baron;!
28;history;Who led the Communist Revolution of Russia?;Vladimir Lenin;!
29;video_games;In which U.S. state is Far Cry 5's fictional setting 'Hope County' located?;Montana;!
30;history;What event marked the start of World War II?;Invasion of Poland;!
31;computers;What was the name of the security vulnerability found in Bash in 2014?;Shellshock;!
32;general_knowledge;"What is the French word for ""hat""?";Chapeau;!
33;film;"Which actor plays the role of the main antagonist in the 2011 movie ""Tower Heist?""";Alan Alda;!
34;general_knowledge;What is the unit of currency in Laos?;Kip;!
35;film;"Who performed the opening theme song for the James Bond 007 movie ""Goldfinger""?";Shirley Basey;!
36;video_games;Which CS:GO eSports team won the major event ESL One Cologne 2016?;SK Gaming;!
37;general_knowledge;The Fields Medal, one of the most sought after awards in mathematics, is awarded every how many years?;4;!
38;sports;In baseball, how many fouls are an out?;0;none|nothing|nought|nil
39;books;"Which famous spy novelist wrote the childrens' story ""Chitty-Chitty-Bang-Bang""?";Ian Fleming;!
40;video_games;What is the maximum HP in Terraria?;500;!
41;cartoon_&_animations;Which Hanna-Barbera cartoon character travelled with a canine companion named Beegle Beagle?;Grape Ape;!
42;science_and_nature;The asteroid belt is located between which two planets?;Mars and Jupiter;!
43;video_games;Which company did Bethesda purchase the Fallout Series from?;Interplay Entertainment;!
44;music;What genre of EDM is the Dutch DJ, musician, and remixer Armin van Buuren most well-known for?;Trance;!
45;video_games;What was the FIRST Valve game to have VR?;The Lab;!
46;video_games;Who is the leader of Team Valor in Pokémon Go?;Candela;!
47;cartoon_and_animations;"Who created ""RWBY""?";Monty Oum;!
48;geography;How many countries are larger than Australia?;5;!
49;science_and_nature;What animal takes part in Schrödinger's most famous thought experiment?;Cat;!
50;general_knowledge;What is the famous Papa John's last name?;Schnatter;!
51;video_games;How old is Chloe Price in Life is Strange: Before the Storm?;16;!
52;japanese_anime_and_manga;Who is the main heroine of the anime, Full Metal Panic!;Kaname Chidori;!
53;history;Which modern day country is the region that was known as Phrygia in ancient times?;Turkey;!
54;television;"How many seasons did the Sci-Fi television show ""Stargate Universe"" have?";2;!
55;sports;"Who won the ""Champions League"" in 1999?";Manchester United;!
56;music;From which country does the piano originate?;Italy;!
57;film;"Which movie contains the quote, ""Say hello to my little friend!""?";Scarface;!
58;music;Which genre of Hip Hop does MC Frontalot rap?;Nerdcore;!
59;general_knowledge;"Where is the train station ""Llanfair­pwllgwyngyll­gogery­chwyrn­drobwll­llan­tysilio­gogo­goch""?";Wales;!
60;video_games;Capcom's survival horror title Dead Rising, canonically starts on what day of September 2006?;September 19th; September 19|19|19th|19 September|19th September
61;art;Which Van Gogh painting depicts the view from his asylum in Saint-Rémy-de-Provence in southern France?;The Starry Night;!
62;video_games;"Which monster in ""Monster Hunter Tri"" was causing earthquakes in Moga Village?";Ceadeus;!
63;video_games;"In Hitman: Blood Money, what is the name of the target in the mission ""Death of a Showman""?";Joseph Clarence;!
64;film;"In the 1984 movie ""The Terminator"", what model number is the Terminator portrayed by Arnold Schwarzenegger?";T-800;!
65;computers;How many bits make up the significand portion of a single precision floating point number?;23;!
66;video_games;In which series of games do you collect souls to empower you and buy weaponry and armor with?;Souls;!
67;gadgets;Which company developed the Hololens?;Microsoft;!
68;television;How long was Ken Jennings' win streak on Jeopardy?;74;!
69;geography;What is Laos?;Country;!
70;general_knowledge;On a dartboard, what number is directly opposite No. 1?;19;Number 19
71;history;In what prison was Adolf Hitler held in 1924?;Landsberg Prison;Landsberg
72;video_games;Which actor provided the voice for the main character's father in Fallout 3?;Liam Neeson;!
73;computers;What does CPU stand for?;Central Processing Unit;!
74;film;"Who directed the 1973 film ""American Graffiti""?";George Lucas;!
75;music;In the Rossini opera, what was the name of 'The Barber of Seville'?;Figaro;!
76;video_games;"What is the name of the protagonist's first Persona in ""Persona 5""?";Arsene;!
77;video_games;"What is the name of the main protagonist in ""Xenoblade Chronicles""?";Shulk;!
78;music;Who is the frontman of the band 30 Seconds to Mars?;Jared Leto;!
79;television;"What breed of dog is ""Scooby Doo""?";Great Dane;!
80;video_games;In Animal Crossing, who is the manager of the town shop?;Tom Nook;!
81;history;The Fallingwater House, located in Pennsylvania, was designed by which architect?;Frank Lloyd Wright;!
82;science_and_nature;What is the scientific term for 'taste'?;Gustatory Perception;!
83;cartoon_and_animations;Who voices for Ruby in the animated series RWBY?;Lindsay Jones;!
84;computers;Which operating system was released first?;Mac OS;!
85;general_knowledge;In which continent did the pineapple plant originate?;South America;!
86;japanese_anime_and_manga;The name of Junko Enoshima's imposter at the beginning of Danganronpa: Trigger Happy Havoc is?;Mukuro Ikusaba;!
87;general_knowledge;What is the highest number of Michelin stars a restaurant can receive?;Three;!
88;video_games;Who is the main protagonist of Dead Space?;Isaac Clarke;!
89;animals;What is the collective noun for rats?;Mischief;!
90;film;"Who directed ""E.T. the Extra-Terrestrial"" (1982)?";Steven Spielberg;!
91;video_games;In the Half-Life universe, the Black Mesa Research Facility is located in which US state?;New Mexico;!
92;geography;What is the second-largest city in Lithuania?;Kaunas;!
93;film;Who directed the Kill Bill movies?;Quentin Tarantino;!
94;general_knowledge;What do the letters of the fast food chain KFC stand for?;Kentucky Fried Chicken;!
95;general_knowledge;Five dollars is worth how many nickles?;100;!
96;video_games;In Super Mario Bros., who informs Mario that the princess is in another castle?;Toad;!
97;japanese_anime_and_manga;Who is the main character with yellow hair in the anime Naruto?;Naruto;!
98;mythology;The Nike apparel and footwear brand takes it's name from the Greek goddess of what?;Victory;!
99;general_knowledge;After how many years would you celebrate your crystal anniversary?;15;!
100;music;In August 1964, who introduced the Beatles to cannabis?;Bob Dylan;!
101;video_games;What Pokémon's Base Stat Total does not change when it evolves?;Scyther;!
102;music;"The song ""Caramelldansen"" is commonly mistaken as a Japanese song, what language is the song actually sung in?";Swedish;!
103;mathematics;What is the fourth digit of π?;1;!
104;general_knowledge;What type of dog is 'Handsome Dan', the mascot of Yale University?;Bulldog;!
105;geography;What is the capital of Peru?;Lima;!
106;film;Mark Wahlberg played the titular character of which 2008 video-game adaptation?;Max Payne;!
107;film;"What is the name of the character Nicolas Cage plays in the movie ""National Treasure?""";Benjamin Franklin Gates;!
108;geography;The formerly East-Prussian city of Königsberg is known as which Russian City today?;Kaliningrad;!
109;vehicles;What country was the Trabant 601 manufactured in?;Germany;East Germany
110;film;"What is the name of the villian in the 2015 Russian-American Sci-Fi Movie ""Hardcore Henry""?";Akan;!
111;celebrities;"Which radio personality calls himself ""The King of All Media""?";Howard Stern;!
112;comics;Who created Ultron of Earth-616?;Henry Pym;!
113;geography;What colour is the circle on the Japanese flag?;Red;!
114;sports;Where was the Games of the XXII Olympiad held?;Moscow;!
115;general_knowledge;The Canadian $1 coin is colloquially known as a what?;Loonie;!
116;science_and_nature;What is the atomic mass of Carbon?;12;!
117;general_knowledge;What zodiac sign is represented by a pair of scales?;Libra;!
118;books;What is the name of the three headed dog in Harry Potter and the Sorcerer's Stone?;Fluffy;!
119;video_games;How many Chaos Emeralds can you collect in the first Sonic The Hedgehog?;Six;!
120;board_games;How many spaces are there on a standard Monopoly board?;40;!
121;music;"""Make You Feel My Love"" was originally written and performed by which singer-songwriter?";Bob Dylan;!
122;mythology;Who was the King of Gods in Ancient Greek mythology?;Zeus;!
123;geography;Fucking is a village in which country?;Austria;!
124;art;"How many paint and pastel versions of ""The Scream"" is Norwegian painter Edvard Munch believed to have produced?";4;!
125;television;What NBC sitcom once saw two of its characters try to pitch NBC on a sitcom about nothing?;Seinfeld;!
126;general_knowledge;The new One World Trade Center in Manhattan, New York City was designed by which architect?;David Childs;!
127;cartoon_and_animations;Nickelodeon is owned by what parent company?;Viacom;!
128;music;What was David Bowie's real surname?;Jones;!
129;music;Electronic artists Boys Noize and Skrillex have collaborated and released tracks under what name?;Dog Blood;!
130;books;"In the novel ""Lord of the Rings"", how many rings of power were given to the race of man?";9;!
131;science_and_nature;Approximately how many Earth years is a year on Uranus?;84;84 years|84 Earth years
132;video_games;What war is Call Of Duty: Black Ops based on?;Cold War;!
133;history;Who discovered Penicillin?;Alexander Flemming;!
134;music;"What animal is featured on the cover of English electronic music group The Prodigy's album, ""The Fat of the Land""?";Crab;!
135;comics;"Who wrote the Batman comic series ""The Killing Joke""?";Alan Moore;!
136;science_and_nature;Which is the most abundant element in the universe?;Hydrogen;!
137;music;"Which Aerosmith album featured ""Walk This Way""?";Toys in the Attic;!
138;history;What was the code name for the Allied invasion of Southern France on August 15th, 1944?;Operation Dragoon;!
139;science_and_nature;This element, when overcome with extreme heat and pressure, creates diamonds.;Carbon;!
140;television;What is the surname of the character Daryl in AMC's show The Walking Dead?;Dixon;!
141;television;Baron Silas Greenback is the arch nemesis of which cartoon hero?;Danger Mouse;!
142;television;In the Star Trek universe, what color is Vulcan blood?;Green;!
143;video_games;"What is the name of Cream the Rabbit's mom in the ""Sonic the Hedgehog"" series?";Vanilla;!
144;television;What is the title of The Allman Brothers Band instrumental used as the theme to the BBC motoring show, 'Top Gear'?;Jessica;!
145;politics;Who was the 45th President of the United States?;Donald Trump;!
146;geography;What is the smallest country in the world?;Vatican City;!
147;film;"Which director directed the movie ""Pan's Labyrinth""?";Guillermo Del Toro;!
148;video_games;What is the last name of the primary female protagonist of Final Fantasy VIII?;Heartilly;!
149;books;"Who wrote the young adult novel ""The Fault in Our Stars""?";John Green;!
150;science_and_nature;Down Syndrome is usually caused by an extra copy of which chromosome?;21;!
151;music;Which Beatle led the way across the zebra crossing on the Abbey Road album cover?;John Lennon;John
152;books;"What was the name of the Mysterious Island, in Jules Verne's ""The Mysterious Island""?";Lincoln Island;!
153;video_games;"How many games are there in the ""Colony Wars"" series for the PlayStation?";3;!
154;general_knowledge;Earth is located in which galaxy?;The Milky Way Galaxy;The Milky Way
155;video_games;"In the video game franchise ""Halo"", what is the UNSC's main opposing faction called?";The Covenant;!
156;film;What was the first monster to appear alongside Godzilla?;Anguirus;!
157;film;"Who plays ""Bruce Wayne"" in the 2008 movie ""The Dark Knight""?";Christian Bale;!
158;geography;Which country inside the United Kingdom does NOT appear on its flag, the Union Jack?;Wales;!
159;video_games;In Night In The Woods, where does Gregg work?;Snack Falcon;!
160;video_games;"In ""Call Of Duty: Zombies"", what is the name of the Pack-A-Punched Crossbow?";Awful Lawton;!
161;history;Who tutored Alexander the Great?;Aristotle;!
162;music;According to a song by Belinda Carlisle, Heaven is a place on what?;Earth;!
163;film;Which former Star Trek actor directed Three Men and a Baby (1987)?;Leonard Nimoy;!
164;sports;Which Formula One driver was nicknamed 'The Professor'?;Alain Prost;!
165;video_games;"How many times do you fight Gilgamesh in ""Final Fantasy 5""?";6;!
166;music;"What is the first track on the Dave Matthews Band album ""Before These Crowded Streets""?";Pantala Naga Pampa;!
167;comics;What's the race of Invincible's father?;Viltrumite;!
168;history;What is the historical name of Sri Lanka?;Ceylon;!
169;video_games;During the events of Half-Life: Opposing Force, what is the age of Adrian Shephard, the protagonist?;22;!
170;geography;Which UK country features a dragon on their flag?;Wales;!
171;geography;Which ocean borders the west coast of the United States?;Pacific;!
172;music;Who had a 1969 top 5 hit with the song, 'A Boy Named Sue'?;Johnny Cash;!
173;board_games;How many pieces are there on the board at the start of a game of chess?;32;!
174;general_knowledge;The Fields Medal, one of the most sought after awards in mathematics, is awarded every how many years?;4;!
175;film;In which movie does Robin Williams' character have to disguise themselves into a woman?;Mrs. Doubtfire;!
176;music;Which of Michael Jackson's albums sold the most copies?;Thriller;!
177;film;"What is the name of the dog that played Toto in the 1939 film ""The Wizard of Oz""?";Terry;!
178;sports;In Formula 1, the Virtual Safety Car was introduced following the fatal crash of which driver?;Jules Bianchi;!
179;video_games;Who made Garry's Mod?;Garry Newman;!
180;japanese_anime_and_manga;"The two main characters of ""No Game No Life"", Sora and Shiro, together go by what name?";Blank;!
181;mathematics;What type of function is x²+2x+1?;Quadratic;!
182;music;Kanye West at 2009 VMA's interrupted which celebrity?;Taylor Swift;!
183;geography;What is the capital of Wisconsin, USA?;Madison;!
184;mathematics;What's the square root of 49?;7;!
185;music;What is the official name of Prince's backing band?;The Revolution;!
186;music;Which singer was featured in Jack Ü (Skrillex & Diplo)'s 2015 song 'Where Are Ü Now'?;Justin Bieber;!
187;general_knowledge;In past times, what would a gentleman keep in his fob pocket?;Watch;!
188;sports;Which car manufacturer won the 2016 24 Hours of Le Mans?;Porsche;!
189;television;"In which British seaside town was the BBC sitcom ""Fawlty Towers"" set?";Torquay;!
190;history;Who was the first man to travel into outer space twice?;Gus Grissom;!
191;video_games;"In the 2000 video game ""Crimson Skies,"" what was the name of the protagonists' zeppelin?";Pandora;!
192;history;During the Mongolian invasions of Japan, what were the Mongol boats mostly stopped by?;Typhoons;!
193;general_knowledge;The likeness of which president is featured on the rare $2 bill of USA currency?;Thomas Jefferson;!
194;music;Who won the 1989 Drum Corps International championships?;Santa Clara Vanguard;!
195;history;Who is attributed credit for recording the epic poem The Odyssey?;Homer;!
196;cartoon_and_animations;"Who is the ""dumb blonde"" character in Nickelodeon's ""The Loud House""?";Leni;!
197;cartoon_and_animations;Which 'Family Guy' character got his own spin-off show in 2009?;Cleveland Brown;!
198;video_games;"In ""Call Of Duty: Zombies"", what is the name of Samantha Maxis' dog?";Fluffy;!
199;film;"Which documentary film maker wrote and starred in the film ""My Scientology Movie"" which first debuted in 2015?";Louis Theroux;!
200;video_games;Who voices the infamous Citadel Station A.I known as S.H.O.D.A.N, in the System Shock games?;Terri Brosius;!
201;books;"The novel ""Of Mice And Men"" was written by what author?";John Steinbeck;!
202;general_knowledge;What is a Burgee?;A flag;!
203;geography;Bridgetown is the capital of which island country in the Carribean?;Barbados;!
204;history;In the year 1900, what were the most popular first names given to boy and girl babies born in the United States?;John and Mary;!
205;television;"In ""It's Always Sunny in Philadelphia"" what was the name of Frank's wrestling persona?";The Trash Man;!
206;history;The minigun was designed in 1960 by which manufacturer.;General Electric;!
207;television;"What actor portrays Hogan ""Wash"" Washburne in the TV Show Firefly?";Alan Tudyk;!
208;film;What is the birth name of Michael Keaton?;Michael Douglas;!
209;music;Which European capital city gives its name to a 1981 song by Ultravox?;Vienna;!
210;books;"Who is the author of the series ""Malazan Book of the Fallen""?";Steven Erikson;!
211;music;The heavy metal band Black Sabbath hail from which English city?;Birmingham;!
212;computers;Which programming language shares its name with an island in Indonesia?;Java;!
213;science_and_nature;What is the most potent toxin known?;Botulinum;Botulinum toxin
214;sports;Which German sportswear company's logo is the 'Formstripe'?;Puma;!
215;cartoon_and_animations;"In the 1993 Disney animated series ""Bonkers"", what is the name of Bonker's second partner?";Miranda Wright;!
216;geography;What is the longest river in Europe?;Volga;Volga River|River Volga
217;television;"In the episode of SpongeBob SquarePants, ""Survival of the Idiots"", Spongebob called Patrick which nickname?";Pinhead;!
218;music;Which band had hits in 1975 with the songs, 'One Of These Nights' & 'Lyin Eyes'?;The Eagles;!
219;video_games;Just Cause 2 was mainly set in what fictional Southeast Asian island country?;Panau;!
220;television;"How many seasons did the TV show ""Donkey Kong Country"" last?";2;!
221;computers;What five letter word is the motto of the IBM Computer company?;Think;!
222;computers;How many cores does the Intel i7-6950X have?;10;!
223;science_and_nature;What is the chemical makeup of water?;H20;!
224;music;"Who was the guitarist in the band ""The Doors""?";Robby Krieger;!
225;geography;What is the largest non-continental island in the world?;Greenland;!
226;television;In the Sci-Fi television show Doctor Who, who plays the Tenth Doctor?;David Tennant;!
227;video_games;"What is the default name of the Vampire character in ""Shining Soul 2"".";Bloodstar;!
228;general_knowledge;Which film star has his statue in Leicester Square?;Charlie Chaplin;!
229;history;How long did World War II last?;6 years;!
230;music;"From which album is the Gorillaz song, ""On Melancholy Hill"" featured in?";Plastic Beach;!
231;geography;The Space Needle is located in which city?;Seattle;!
232;video_games;What is the name of the virus that infected New York in Tom Clancy's The Division?;Dollar Flu;!
233;geography;"Where would you find the ""Spanish Steps""?";Rome;Rome, Italy
234;celebrities;Which actress married Michael Douglas in 2000?;Catherine Zeta-Jones;!
235;books;Abel Magwitch is a character from which Charles Dickens novel?;Great Expectations;!
236;general_knowledge;"What is the romanized Russian word for ""winter""?";Zima;!
237;film;"In the film ""Requiem for a Dream"", what drug does Jared Leto's character get addicted to?";Heroin;!
238;video_games;"In ""Fallout 4"", what is the name of the dog you find at Red Rocket truck stop?";Dogmeat;!
239;animals;Which class of animals are newts members of?;Amphibian;Amphibians
241;general_knowledge;Who invented the first ever chocolate bar, in 1847?;Joseph Fry;!
242;science_and_nature;Which scientific unit is named after an Italian nobleman?;Volt;!
243;cartoon_and_animations;"In the show ""Fat Albert and the Cosby Kids"", what is the name of the characters' fictional gang?";The Junkyard Gang;The Junkyard
244;books;What is the name of the protagonist of J.D. Salinger's novel Catcher in the Rye?;Holden Caulfield;!
245;video_games;Pokémon Go is a location-based augmented reality game developed and published by which company?;Niantic;!
246;video_games;In the Pokémon series, what is Palkia's hidden ability?;Telepathy;!
247;musicals_and_theatres;Which Shakespeare play inspired the musical 'West Side Story'?;Romeo and Juliet;!
248;video_games;In Rust, how many Timed Explosive Charges does it take to destroy a Ladder Hatch?;1;!
250;video_games;"What is the name of Joel's daughter in the game, ""The Last of Us""?";Sarah;!
251;video_games;What is the browser game Kantai Collection heavily inspired by?;Second World War;!
252;animals;What colour is the female blackbird?;Brown;!
253;japanese_anime_and_manga;"Which animation studio animated ""Hidamari Sketch""?";Shaft;!
254;art;Who painted The Starry Night?;Vincent van Gogh;!
255;general_knowledge;What is the nickname of the US state of California?;Golden State;!
256;video_games;Who's the creator of Geometry Dash?;Robert Topala;!
257;general_knowledge;Amsterdam Centraal station is twinned with what station?;London Liverpool Street;!
258;general_knowledge;Linus Pauling, one of the only winners of multiple Nobel Prizes, earned his Nobel Prizes in Chemistry and what?;Peace;!
259;vehicles;Which Italian city is home of the car manufacturer 'Fiat'?;Turin;!
260;computers;What does the term GPU stand for?;Graphics Processing Unit;!
261;video_games;"In the indie farming game ""Stardew Valley"", which NPC hates the ""prismatic shard"" item when received as a gift?";Haley;!
262;geography;Which city is the capital of the United States of America?;Washington D.C;!
263;geography;The land mass of modern day Turkey is called what?;Anatolia;!
264;science_and_nature;Which bone in the body is the hardest to break?;Femur;!
265;television;"In the show ""Tengen Toppa Gurren Lagann"" what is the name of the character who forces everyone to live underground?";Lordgenome;!
266;geography;How many countries border Kyrgyzstan?;4;!
267;mythology;Talos, the mythical giant bronze man, was the protector of which island?;Crete;!
268;general_knowledge;What is the last letter of the Greek alphabet?;Omega;!
269;gadgets;What does GPS stand for?;Global Positioning System;!
270;geography;What is the largest country in the world?;Russia;!
271;general_knowledge;Who invented Pastafarianism?;Bobby Henderson;!
272;video_games;"In the game ""Fire Emblem: Shadow Dragon"", what is the central protagonist's name?";Marth;!
273;celebrities;"In 2014, this new top 100 rapper who featured in ""Computers"" and ""Body Dance"" was arrested in a NYPD sting for murder.";Bobby Shmurda;!
274;television;"From what show is the character ""James Doakes""?";Dexter;!
275;geography;How many stations does the Central Line have on the London Underground?;49;!
277;video_games;Who is Sonic's sidekick?;Tails;!
278;animals;How many legs do butterflies have?;6;!
279;science_and_nature;The human right lung has how many lobes?;3;!
280;geography;How many countries does Mexico border?;3;!
281;geography;What is the name of the Canadian national anthem?;O Canada;!
282;cartoon_and_animations;"What is the name of Sid's dog in ""Toy Story""?";Scud;!
283;musicals_and_theatres;"Who is the musical director for the award winning musical ""Hamilton""?";Alex Lacamoire;!
284;video_games;Who is credited with having created the world's first video game Easter Egg?;Warren Robinett;!
285;history;What was the first sport to have been played on the moon?;Golf;!
286;books;What's Harry Potter's dad's name?;James Potter;!
287;celebrities;Which school in Surrey, England did Steve Backshall attend?;Collingwood College;!
288;history;Which naval battle was considered the turning point of the Pacific Ocean Theater during World War 2?;Battle of Midway;!
289;video_games;On which planet does the game Freedom Planet (2014) take place?;Avalice;!
290;geography;What is the capital of Seychelles?;Victoria;!
291;musicals_and_theatres;Who wrote the play 'Angels in America'?;Tony Kusher;!
292;sports;Who was the British professional wrestler Shirley Crabtree better known as?;Big Daddy;!
293;music;"""Grande Valse"" is a phrase from the song ""Gran Vals"". What is that song segment known as?";Nokia Tune;Nokia Song
294;video_games;In Night In The Woods, what is Mae Borowski mother's name?;Candy;!
295;gadgets;Which buzzword did Apple Inc. use to describe their removal of the headphone jack?;Courage;!
296;video_games;What was the name of the Secret Organization in the Hotline Miami series?;50 Blessings;!
297;geography;The Andaman and Nicobar Islands in South East Asia are controlled by which country?;India;!
298;video_games;Which of these characters was NOT planned to be playable for Super Smash Bros. 64?;Peach;!
299;television;"In the TV series ""Person of Interest"", who plays the character ""Harold Finch""?";Michael Emerson;!
300;television;Who was Firestorm's rival during the original run of UK Robot Wars?;Panic Attack;!
301;computers;The C programming language was created by this American computer scientist.;Dennis Ritchie;!
302;video_games;What's the name of the halloween-related Sims 4 Stuff Pack released September 29th, 2015?;Spooky Stuff;!
303;general_knowledge;The New York Times slogan is, “All the News That’s Fit to…”;Print;!
304;books;"Which author and poet famously wrote the line, ""The female of the species is more deadly than the male""?";Rudyard Kipling;!
305;video_games;In the co-op shooter Payday 2, which contact helps you break out Hoxton?;The Dentist;!
306;music;How many members are there in the band Nirvana?;Three;!
307;geography;How many countries does Spain have a land border with?;5;!
308;mythology;Who was the only god from Greece who did not get a name change in Rome?;Apollo;!
309;sports;Which country hosted the 2022 FIFA World Cup?;Qatar;!
310;television;What cartoon TV show is about a grandfather dragging his grandson around on adventures?;Rick and Morty;!
311;history;Which country gifted the Statue of Liberty to the United States of America?;France;!
312;video_games;What is the full name of the protagonist from the SNES game Clock Tower?;Jennifer Simpson;!
313;music;"Which alternative rock band released the critically-acclaimed album ""OK Computer""?";Radiohead;!
314;video_games;"Where does ""The Legend of Zelda: Majora's Mask"" take place?";Termina;!
315;japanese_anime_and_manga;"In ""Highschool of the Dead"", where did Komuro and Saeko establish to meet after the bus explosion?";Eastern Police Station;!
316;video_games;Which Elite Four member from the first generation of Pokémon became the champion in the next generation?;Lance;!
317;japanese_anime_and_manga;"In ""To Love-Ru"", who is the first to hear of Yami's past from her?";Rito;!
318;film;"Who played the Cenobite called ""Pinhead"" in the original Hellraiser films?";Doug Bradley;!
319;geography;What is the capital of Indonesia?;Jakarta;!
320;music;"""Lift Your Spirit"" is an album by which artist?";Aloe Blacc;!
321;video_games;What was the world's first video game?;Tennis for Two;!
322;video_games;"What is the name of the common, gun-toting enemies of the ""Oddworld"" video game series?";Sligs;!
323;history;Joseph Smith was the founder of what religion?;Mormonism;The Mormons
324;sports;Who won the 2016 Formula 1 World Driver's Championship?;Nico Rosberg;!
325;film;What did the first moving picture depict?;A galloping horse;!
326;geography;What is the capital of Senegal?;Dakar;!
327;history;In 1720, England was in massive debt and became involved in the South Sea Bubble. Who was the main mastermind behind it?;John Blunt;!
328;history;Who crowned Charlemagne as Holy Roman Emperor on Christmas Day in 800?;Pope Leo III;Pope Leo the third|Pope Leo third|Pope Leo the 3rd|Pope Leo 3rd
329;video_games;In Final Fantasy XIV, what is the name of the Deep Dungeon that was introduced in the expansion pack, Heavensward?;Palace of the Dead;!
330;television;Which of the following won the first season of American Idol in 2002?;Kelly Clarkson;!
331;music;Where was Nicki Minaj born?;Trinidad and Tobago;!
332;television;Out of the 3 Tots in Tots TV, who speaks French in the UK Version and Spanish in the US Version?;Tilly;!
333;general_knowledge;Where is Apple Inc. headquartered?;Cupertino;Cupertino, California
334;celebrities;What was the name of Marilyn Monroe's first husband?;James Dougherty;!
335;music;What song on ScHoolboy Q's album Black Face LP featured Kanye West?;THat Part;!
336;celebrities;By which name is Ramon Estevez better known as?;Martin Sheen;!
337;video_games;How many partners can you obtain in Paper Mario: The Thousand-Year Door?;7;!
338;art;Who designed the Chupa Chups logo?;Salvador Dali;!
339;video_games;"In the game ""Red Dead Redemption"", what is the name of John Marston's dog?";Rufus;!
340;mythology;Which Greek & Roman god was known as the god of music, truth and prophecy, healing, the sun and light, plague, poetry, and more?;Apollo;!
341;geography;Which small country is located between the borders of France and Spain?;Andorra;!
342;video_games;Which drive form was added into Kingdom Hearts II Final Mix?;Limit;Limit Form
343;celebrities;The eccentric natural philosopher Tycho Brahe kept what as a pet?;Moose;!
344;comics;In Black Hammer, what city did the heroes save from the Anti-God?;Spiral City;!
345;sports;"This Canadian television sportscaster is known for his ""Hockey Night in Canada"" role, a commentary show during hockey games.";Don Cherry;!
346;music;Who is the primary lyricist for Canadian progressive rock band Rush?;Neil Peart;!
347;video_games;In what engine was Titanfall made in?;Source;Source Engine
348;geography;Which Canadian province has Charlottetown as its capital?;Prince Edward;Prince Edward Island
349;video_games;"What company created and developed the game ""Overwatch""?";Blizzard Entertainment;Blizzard
350;video_games;"In the Zombies mode of ""Call of Duty: Black Ops"", what is the ""Pack-A-Punched"" version of the ""Galil"" called?";Lamentation;!
351;japanese_anime_and_manga;"Ikki Kurogane is known by what nickname at the beginning of ""Chivalry of a Failed Knight""?";Worst One;!
352;video_games;In the Kingdom Heart series who provides the English voice for Master Eraqus?;Mark Hamill;!
353;gadgets;"Which company designed the ""Betamax"" video cassette format?";Sony;!
354;general_knowledge;What country saw a world record 315 million voters turn out for elections on May 20, 1991?;India;!
355;film;"In the movie ""Cast Away"" the main protagonist's best friend while on the island is named";Wilson;!
356;video_games;How many classes are there in Team Fortress 2?;9;!
357;mythology;Who in Greek mythology, who led the Argonauts in search of the Golden Fleece?;Jason;!
358;cartoon_and_animations;Who voiced Finn in Adventure Time?;Jeremy Shada;!
359;cartoon_and_animations;In the animated series RWBY, what is the name of the weapon used by Weiss Schnee?;Myrtenaster;!
360;computers;"What does ""LCD"" stand for?";Liquid Crystal Display;!
361;television;"What is the name of the inspector in the series ""On the Buses""?";Blakey;!
362;computers;In any programming language, what is the most common way to iterate through an array?;For loops;Loops
363;science_and_nature;"Which planet did the ""Viking 1"" spacecraft send surface images of, starting in 1976?";Mars;!
364;science_and_nature;A positron is an antiparticle of a what?;Electron;!
365;sports;Which portuguese island is soccer player Cristiano Ronaldo from?;Madeira;!
366;science_and_nature;In Chemistry, how many isomers does Butanol (C4H9OH) have?;4;!
367;video_games;"In the ""Call Of Duty: Zombies"" map ""Origins"", how many numbered power generators are there?";6;!
368;books;What is the name of the protagonist of J.D. Salinger's novel Catcher in the Rye?;Holden Caulfield;!
369;mythology;What immense structure is referred to in Norse Mythology as the Yggdrasil.;Tree;!
370;film;In the movie “The Iron Giant,” this character is the protagonist.;Hogarth Hughes;!
371;geography;How many rivers are in Saudi Arabia?;0;!
372;geography;The body of the Egyptian Sphinx was based on which animal?;Lion;!
373;video_games;"In ""Resident Evil 2"", which virus was William Birkin mutated by?";G-Virus;!
374;music;"Who was the guitarist in the band ""The Doors""?";Robby Krieger;!
375;politics;Which of the following United States Presidents served the shortest term in office?;William Henry Harrison;!
376;japanese_anime_and_manga;In Digimon, what is the Japanese name for the final evolutionary stage?;Ultimate;!
377;video_games;In Counter-Strike: Global Offensive, what's the rarity of discontinued skins called?;Contraband;!
378;history;King Henry VIII was the second monarch of which European royal house?;Tudor;!
379;sports;In golf, what name is given to a hole score of two under par?;Eagle;!
380;geography;What is the capital of Jamaica?;Kingston;!
381;mythology;What is the name of the Greek god of peaceful deaths?;Thanatos;!
382;music;"Who wrote the song ""You Know You Like It""?";Aluna George;!
383;television;"In ""Star Trek: Voyager"", which episode did Voyager establish real-time communication with Starfleet Headquarters?";Pathfinder;!
384;sports;In Baseball, how many times does the ball have to be pitched outside of the strike zone before the batter is walked?;4;!
385;music;"""Hallelujah"" is a song written by which Canadian recording artist?";Leonard Cohen;!
386;general_knowledge;"What is the name of the popular animatronic singing fish prop, singing such hits such as ""Don't Worry, Be Happy""?";Big Mouth Billy Bass;!
387;computers;What is the name of the process that sends one qubit of information using two bits of classical information?;Quantum Teleportation;!
388;music;How many sharps does the key of G# minor contain?;5;!
389;japanese_anime_and_manga;"In ""One Piece"", what does ""the Pirate King"" mean to the captain of the Straw Hat Pirates?";Freedom;!
390;mythology;What is the name of the Greek god of blacksmiths?;Hephaestus;!
391;science_and_nature;The humerus, paired radius, and ulna come together to form what joint?;Elbow;!
392;history;Which U.S. president was said to have been too honest to lie to his father about chopping down a cherry tree?;George Washington;!
393;video_games;"""Exile"" and ""Revelations"" were the third and fourth installments of which PC game series?";Myst;!
394;cartoon_and_animations;What animated internet character is known to answer emails with his boxing gloves?;Strong Bad;!
395;cartoon_and_animations;"Townsend Coleman provided the voice for which turtle in the original 1987 series of ""Teenage Mutant Ninja Turtles""?";Michelangelo;!
396;books;"The novel ""Jane Eyre"" was written by what author?";Charlotte Bronte;Charlotte Brontë
397;history;When Christopher Columbus sailed to America, what was the first region he arrived in?;The Bahamas Archipelago;The Bahamas
398;history;The idea of Socialism was articulated and advanced by whom?;Karl Marx;!
399;video_games;"In ""Sonic the Hedgehog 3"" for the Sega Genesis, what is the color of the second Chaos Emerald you can get from Special Stages?";Orange;!
400;history;In 1720, England was in massive debt and became involved in the South Sea Bubble. Who was the main mastermind behind it?;John Blunt;!
401;video_games;"What is the main theme song of ""Sonic Adventure 2""?";Live and Learn;!
402;science_and_nature;Which moon is the only satellite in our solar system to possess a dense atmosphere?;Titan;!
403;music;Who is the lead singer of Arctic Monkeys?;Alex Turner;!
404;television;"Prior to working at Wizards of the Coast, ""Mark Rosewater"" was a writer for which show?";Roseanne;!
405;video_games;In the game Tom Clancy's Rainbow 6 Siege, what organization is Valkyrie from?;Navy Seals;!
406;politics;Who was the British Prime Minister at the outbreak of the Second World War?;Neville Chamberlain;!
407;japanese_anime_and_manga;"Which Japanese music group was formed to produce theme music for the anime ""Guilty Crown""?";Egoist;!
408;geography;What is the capital of the American state of Arizona?;Phoenix;!
409;cartoon_and_animations;Which Hanna-Barbera cartoon character travelled with a canine companion named Beegle Beagle?;Grape Ape;!
410;video_games;How many flagship monsters appear in Monster Hunter Generations?;4;!
411;science_and_nature;On the Beaufort Scale of wind force, what wind name is given to number 8?;Gale;!
412;history;"Which Nazi General was known as the ""Desert Fox""?";Erwin Rommel;!
413;video_games;In Left 4 Dead, what is the character Bill's last name?;Overbeck;!
414;general_knowledge;What was the soft drink Pepsi originally introduced as?;Brad's Drink;!
415;computers;In programming, what do you call functions with the same name but different implementations?;Overloading;!
416;mathematics;How many zeptometres are inside one femtometre?;1,000,000;!
417;music;"""Lift Your Spirit"" is an album by which artist?";Aloe Blacc;!
418;animals;What type of animal is a natterjack?;Toad;!
419;film;After India, which country produces the second most movies per year?;Nigeria;!
420;music;What is the best selling album of all time from 1976 to 2018?;Thriller;!
421;video_games;In Dota 2, what is Earthshaker's real name?;Raigor Stonehoof;!
422;music;Which Nirvana album had a naked baby on the cover?;Nevermind;!
423;computers;Which computer language would you associate Django framework with?;Python;!
424;japanese_anime_and_manga;In the series JoJo's Bizarre Adventure, which main character makes the greatest number of recurring appearances?;Jotaro Kujo;!
425;general_knowledge;What was the nickname given to the Hughes H-4 Hercules, a heavy transport flying boat which achieved flight in 1947?;Spruce Goose;!
426;politics;Who was the 40th President of the USA?;Ronald Reagan;!
427;video_games;What is the default alias that Princess Garnet goes by in Final Fantasy IX?;Dagger;!
428;computers;America Online (AOL) started out as which online service provider?;Quantum Link;!
429;politics;"Whose 2016 presidential campaign slogan was ""Make America Great Again""?";Donald Trump;!
430;books;In the Harry Potter universe, what is Cornelius Fudge's middle name?;Oswald;!
431;music;What is the first track on Kanye West's 808s & Heartbreak?;Say You Will;!
432;animals;What is the common term for bovine spongiform encephalopathy (BSE)?;Mad Cow disease;!
434;film;Leonardo Di Caprio won his first Best Actor Oscar for his performance in which film?;The Revenant;!
435;music;"Finish these lyrics from the 2016 song ""Panda"" by Desiigner: ""I got broads in _______"".";Atlanta;!
436;film;What was the first feature-length computer-animated movie?;Toy Story;!
437;film;What is Lilo's last name from Lilo and Stitch?;Pelekai;!
438;video_games;"Which was the first ""Call Of Duty: Zombies"" map to introduce the ""Wunderwaffe DG-2""?";Shi No Numa;!
439;geography;What is the capital of Chile?;Santiago;!
440;japanese_anime_and_manga;"In the 2011 TV anime series, ""THE iDOLM@STER"", what was the name of Iori's stuffed toy bunny?";Charles;!
441;television;"Which company has exclusive rights to air episodes of the ""The Grand Tour""?";Amazon;!
442;history;What was the name of one of the surviving palaces of Henry VIII located near Richmond, London?;Hampton Court;!
443;film;"Which documentary film maker wrote and starred in the film ""My Scientology Movie"" which first debuted in 2015?";Louis Theroux;!
444;film;"Who played Batman in the 1997 film ""Batman and Robin""?";George Clooney;!
445;film;Which movie of film director Stanley Kubrick is known to be an adaptation of a Stephen King novel?;The Shining;!
446;politics;According to the United States Constitution, how old must a person be to be elected President of the United States?;35;!
447;comics;In the DC Comics 2016 reboot, Rebirth, which speedster escaped from the Speed Force after he had been erased from existance?;Wally West;!
448;computers;While Apple was formed in California, in which western state was Microsoft founded?;New Mexico;!
449;japanese_anime_and_manga;In JoJo's Bizarre Adventure, which character is able to accelerate time?;Enrico Pucci;!
450;video_games;What block in Minecraft has the highest blast resistance?;Barrier;!
451;music;"Who wrote the musical composition, ""Rhapsody In Blue""?";George Gershwin;!
452;vehicles;Automobiles produced by Tesla Motors operate on which form of energy?;Electricity;!
453;video_games;"Who is the main character of ""Metal Gear Solid 3""?";Naked Snake;!
454;musicals_and_theatres;In Jeff Wayne's Musical Version of War of the Worlds, the chances of anything coming from Mars are...;A million to one;!
455;history;Against which country did the Dutch Republic fight the Eighty Years' War?;Spain;!
456;celebrities;Where was Kanye West born?;Atlanta;Atlanta, Georgia
457;japanese_anime_and_manga;"In ""Fairy Tail"", what is the nickname of Natsu Dragneel?";The Salamander;!
458;general_knowledge;What direction does the Statue of Liberty face?;Southeast;!
459;art;What is the name of the Japanese art of folding paper into decorative shapes and figures?;Origami;!
460;video_games;"Which artist composed the original soundtrack for ""Watch Dogs 2""?";Hudson Mohawke;!
461;music;Which 80s band is fronted by singer/guitarist Robert Smith?;The Cure;!
462;video_games;"In the Animal Crossing series, which flower is erroneously called the ""Jacob's Ladder""?";Lily of the Valley;!
463;film;What is the oldest Disney film?;Snow White and the Seven Dwarfs;!
464;video_games;Who was the voice actor for Snake in Metal Gear Solid V: The Phantom Pain?;Kiefer Sutherland;!
465;music;What is the name of Finnish DJ Darude's hit single released in October 1999?;Sandstorm;!
466;geography;What is the capital city of Bermuda?;Hamilton;!
467;television;In the original Doctor Who series (1963), fourth doctor Tom Baker's scarf was how long?;7 meters;7 metres|23 feet
468;video_games;Who is the main protagonist in the game Life is Strange: Before The Storm?;Chloe Price;!
469;geography;What is the capital of Spain?;Madrid;!
470;video_games;What Ultimate does Makoto Naegi, protagonist of Danganronpa: Trigger Happy Havoc, have?;Ultimate Lucky Student;!
471;science_and_nature;The medial meniscus forms which part of what joint in the human body?;Knee;!
472;video_games;"""Tomb Raider"" icon Lara Croft was originally called...";Laura Cruz;!
473;general_knowledge;"Before the 19th Century, the ""Living Room"" was originally called the...";Parlor;!
474;video_games;Valve Corporation is an American video game developer located in which city?;Bellevue;Bellevue, Washington
475;cartoon_and_animations;Butters Stotch, Pip Pirrup, and Wendy Testaburger are all characters in which long running animated TV series?;South Park;!
476;video_games;What are the names of the Ice Climbers in the video game Ice Climber?;Popo and Nana;!
477;science_and_nature;Who discovered the Law of Gravity?;Sir Isaac Newton;!
478;celebrities;"What is the real name of ""moot"", founder of the imageboard 4chan?";Christopher Poole;!
479;film;Which animated film did Steven Lisberger direct in 1980 before going on to direct Tron?;Animalympics;!
480;geography;What is the name of the peninsula containing Spain and Portugal?;Iberian Peninsula;Iberia
481;animals;What is the collective noun for vultures?;Wake;!
482;science_and_nature;What nucleotide pairs with guanine?;Cytosine;!
483;video_games;Who is the last boss in Night In The Woods' Demontower minigame?;The Blood Thief;!
484;geography;What is the region conjoining Pakistan, India, and China with unknown leadership called?;Kashmir;!
485;history;Which countries participated in the Lobster War?;France and Brazil;!
486;television;"Prior to working at Wizards of the Coast, ""Mark Rosewater"" was a writer for which show?";Roseanne;!
487;sports;Who was the topscorer for England national football team?;Wayne Rooney;!
488;music;"Who is a pioneer of ""Minimal Music"" in 1960s?";Steve Reich;!
489;science_and_nature;How many chromosomes are in your body cells?;23;!
490;video_games;"What is the real name of the Scout in ""Team Fortress 2""?";Jeremy;!
491;film;"What does TIE stand for in reference to the TIE Fighter in ""Star Wars""?";Twin Ion Engine;!
492;video_games;What minimum level in the Defence skill is needed to equip Dragon Armour in the MMO RuneScape?;60;!
493;books;"What is the name of Eragon's dragon in ""Eragon""?";Saphira;!
494;video_games;"In the ARPG ""Path of Exile,"" what is the highest amount of sockets that an item can have?";6;!
495;music;Which Twitch streamer is the vocalist for Red Vox?;Vinesauce;!
496;general_knowledge;What is Cynophobia the fear of?;Dogs;!
497;video_games;"In ""The Witness"", how many lasers must be activated to get into the mountain area?";7;!
498;music;What album did Gorillaz release in 2017?;Humanz;!
499;sports;Which NBA player has the most games played over the course of their career?;Robert Parish;!
500;celebrities;Before voicing Pearl in Steven Universe, Deedee Magno Hall was part of which American band?;The Party;!
501;general_knowledge;What did the Spanish autonomous community of Catalonia ban in 2010, that took effect in 2012?;Bullfighting;Bull fights|Fights with bulls|Fighting with bulls
502;video_games;"Who is the writer of the game ""Half-Life""?";Marc Laidlaw;!
503;video_games;"Which country was Eliza ""Ash"" Cohen from ""Tom Clancy's Rainbow Six Siege"" born in?";Israel;!
504;board_games;Which board game was first released on February 6th, 1935?;Monopoly;!
505;cartoon_and_animations;How many episodes were in season five of Samurai Jack?;10;!
506;film;"This movie contains the quote, ""Nobody puts Baby in a corner.""";Dirty Dancing;!
507;books;What is the title of the first Sherlock Holmes book by Arthur Conan Doyle?;A Study in Scarlet;!
508;film;Who is the main protagonist in, the 1985 film, Back to the Future?;Marty McFly;!
509;music;What was the name of the rock band that Nobuo Uematsu formed that played songs from various Final Fantasy games?;The Black Mages;!
510;television;Alan Reed is known for providing the voice of which character?;Fred Flintstone;!
511;sports;Which male player won the gold medal of table tennis singles in 2016 Olympics Games?;Ma Long;!
512;music;"Whose albums included ""Back in Black"" and ""Ballbreaker""?";AC/DC;!
513;musicals_and_theatres;In Macbeth, the eyes of what animals were used in the Witches' cauldron?;Newts;!
514;books;How many books are in the Chronicles of Narnia series?;7;!
515;mythology;The ancient Roman god of war was commonly known as which of the following?;Mars;!
516;cartoon_and_animations;In which U.S. state is the real Springfield from The Simpsons?;Oregon;!
517;mythology;In Greek Mythology, who was the daughter of King Minos?;Ariadne;!
518;computers;Which coding language was the #1 programming language in terms of usage on GitHub in 2015?;JavaScript;!
519;japanese_anime_and_manga;What is the name of the stuffed lion in Bleach?;Kon;!
520;animals;What colour is a polar bear's skin?;Black;!
521;computers;What was the first Android version specifically optimized for tablets?;Honeycomb;!
522;film;"This movie contains the quote, ""I love the smell of napalm in the morning!""";Apocalypse Now;!
523;music;Which American family band had a 1986 top 10 hit with the song 'Crush On You'?;The Jets;!
524;video_games;Who is the main character in most of the games of the YS series?;Adol Christin;!
525;video_games;In the PAYDAY series, who betrayed the PAYDAY gang that got Hoxton arrested?;Hector;!
526;cartoon_and_animations;"What was the number on Gerald's shirt in ""Hey Arnold!""?";33;!
527;film;"""The first rule is: you don't talk about it"" is a reference to which movie?";Fight Club;!
528;music;"""Some people call me the space cowboy"" is the first line from what song?";The Joker;!
529;politics;Who was the only president to not be in office in Washington D.C?;George Washington;!
530;general_knowledge;"What is the Spanish word for ""donkey""?";Burro;!
531;video_games;"In the ""Call Of Duty: Zombies"" map ""Origins"", how many steps are there to upgrade a Staff?";4;!
532;japanese_anime_and_manga;In the 9th Pokemon movie, who is the Prince of the Sea?;Manaphy;!
533;geography;How many counties in the Republic of Ireland.;26;!
534;sports;How many times did Martina Navratilova win the Wimbledon Singles Championship?;Nine;!
535;sports;Which professional wrestler fell from the rafters to his death during a live Pay-Per-View event in 1999?;Owen Hart;!
536;musicals_and_theatres;"Who played ""Charlie Price"" in the musical ""Kinky Boots"" on Broadway in New York from May 26th - Aug 6th 2017?";Brendon Urie;!
537;computers;What port does HTTP run on?;80;!
538;cartoon_and_animations;"In the show ""Steven Universe"", who are the main two employees of The Big Donut?";Sadie and Lars;!
539;history;Toussaint Louverture led a successful slave revolt in which country?;Haiti;!
540;politics;Between 1973 to 1990, what country was ruled by dictator Augusto Pinochet?;Chile;!
541;comics;In Calvin and Hobbes, what is the name of the babysitter's boyfriend?;Charlie;!
542;computers;Released in 2001, the first edition of Apple's Mac OS X operating system (version 10.0) was given what animal code name?;Cheetah;!
543;comics;What's the race of Invincible's father?;Viltrumite;!
544;science_and_nature;What is the chemical formula for ammonia?;NH3;!
545;music;"Where did the British Boy Band ""Bros"" come from?";Camberley;!
546;animals;What type of creature is a Bonobo?;Ape;!
547;general_knowledge;"The words ""bungalow"" and ""shampoo"" originate from the languages of which country?";India;!
548;sports;Which nation hosted the FIFA World Cup in 2006?;Germany;!
549;general_knowledge;According to the BBPA, what is the most common pub name in the UK?;Red Lion;!
550;general_knowledge;Which essential condiment is also known as Japanese horseradish?;Wasabi;!
551;general_knowledge;According to the nursery rhyme, what fruit did Little Jack Horner pull out of his Christmas pie?;Plum;!
552;video_games;Who voices the infamous Citadel Station A.I known as S.H.O.D.A.N, in the System Shock games?;Terri Brosius;!
553;video_games;"In which mall does ""Dead Rising"" take place?";Willamette Parkview Mall;Willamette Parkview
554;video_games;What was the code name given to Sonic the Hedgehog 4 during its development?;Project Needlemouse;!
555;video_games;In Divinity: Original Sin II, what is the name of the skeletal origin character?;Fane;!
556;mythology;In Greek Mythology, who killed Achilles?;Paris;!
557;geography;In which city, is the Big Nickel located in Canada?;Sudbury;Sudbury, Ontario
558;mythology;What immense structure is referred to in Norse Mythology as the Yggdrasil.;Tree;!
559;science_and_nature;Coulrophobia is the irrational fear of what?;Clowns;!
560;video_games;Which video game earned music composer Mike Morasky the most awards for his work?;Portal 2;!
561;music;According to the RIAA: Which artist has sold the most albums by the million?;The Beatles;!
562;celebrities;Which actress's real name was Frances Ethel Gumm?;Judy Garland;!
563;video_games;"In the ""Call Of Duty: Zombies"" map ""Der Riese"", what is the name of the ""Pack-A-Punched PPSH-41""?";The Reaper;!
564;geography;What is the capital of the State of Washington, United States?;Olympia;!
565;television;In which state of America was the Fresh Prince of Bel-Air born and raised in?;Pennsylvania;!
566;geography;Harvard University is located in which city?;Cambridge;Cambridge, Massachusetts
567;video_games;What is Solid Snake's real name?;David;!
568;music;What is the frontman's name of the metal band Megadeth?;Dave Mustaine;!
569;history;Who assassinated President James A. Garfield?;Charles Guiteau;!
570;video_games;Gordon Freeman is said to have burnt and destroyed what food in the break room microwave?;Casserole;!
571;film;"Who plays ""Bruce Wayne"" in the 2008 movie ""The Dark Knight""?";Christian Bale;!
572;general_knowledge;Which product did Nokia, the telecommunications company, originally sell?;Paper;!
573;video_games;In World of Warcraft Lore, four Old Gods created a giant and powerful creature. What was it called?;The Ancient One;!
574;geography;In which English county is Stonehenge?;Wiltshire;!
575;television;"Who played Agent Fox Mulder in the TV sci-fi drama ""The X-Files""?";David Duchovny;!
576;film;"Who directed the movie ""Alien""?";Ridley Scott;!
577;history;Which U.S. President was famously 'attacked' by a swimming rabbit?;Jimmy Carter;!
579;history;After the 1516 Battle of Marj Dabiq, the Ottoman Empire took control of Jerusalem from which sultanate?;Mamluk;!
580;mathematics;How many sides does a heptagon have?;7;!
582;television;Who sang the theme song for the TV show 'Rawhide'?;Frankie Laine;!
583;science_and_nature;What is the name for the auditory illusion of a note that seems to be rising infinitely?;Shepard Tone;!
584;video_games;What is the name of the final boss in Turok: Dinosaur Hunter?;The Campaigner;!
585;history;The Panama Canal was finished under the administration of which U.S. president?;Woodrow Wilson;!
586;video_games;"What programming language was used to create the game ""Minecraft""?";Java;!
587;video_games;"Which character does the player play as in the video game ""Bastion""?";The Kid;!
588;books;What's the second book in George R. R. Martin's 'A Song of Ice and Fire' series?;A Clash of Kings;!
589;cartoon_and_animations;"In the show ""Foster's Home For Imaginary Friends"", which character had an obsession with basketball?";Wilt;!
590;computers;What was the name of the security vulnerability found in Bash in 2014?;Shellshock;!
591;video_games;What are tiny Thwomps called in Super Mario World?;Thwimps;!
592;television;"In the TV show ""Cheers"", Sam Malone was a former relief pitcher for which baseball team?";Boston Red Sox;!
593;music;"Which famous 90's rap album is commonly referred to as ""The Bible of Hip Hop""?";Illmatic;!
594;video_games;Who was the first jedi that Starkiller had to kill in Star Wars: The Force Unleashed?;Rahm Kota;!
595;film;In the 2010 Nightmare on Elm Street reboot, who played Freddy Kruger?;Jackie Earle Haley;!
596;geography;Where are the Nazca Lines located?;Peru;!
597;geography;Which city is the capital of Switzerland?;Bern;!
598;music;"What was the subject of the 2014 song ""CoCo"" by American rapper O. T. Genasis?";Cocaine;!
599;video_games;"What name did ""Mario"", from ""Super Mario Brothers"", originally have?";Ossan;!
600;sports;Which car manufacturer won the 2017 24 Hours of Le Mans?;Porsche;!
601;video_games;"In ""The Binding of Isaac"", what is the name of the final boss that you fight in The Void?";Delirium;!
602;science_and_nature;Alzheimer's disease primarily affects which part of the human body?;Brain;!
603;mythology;The greek god Poseidon was the god of what?;The Sea;!
604;mythology;According to the Egyptian Myth of Osiris, who murdered Osiris?;Set;!
605;books;In Alice in Wonderland, what is the name of Alice's kitten?;Dinah;!
606;general_knowledge;The architect known as Le Corbusier was an important figure in what style of architecture?;Modernism;!
607;video_games;In the game Warframe, what Mastery Rank do you need to have to build the Tigris Prime?;13;!
608;japanese_anime_and_manga;In the anime, Full Metal Panic!, who is Kaname's best friend?;Kyoko Tokiwa;!
609;comics;"In the ""Archie"" comics, who was Jughead's first girlfriend?";Joani;!
610;film;"What city did the monster attack in the film, ""Cloverfield""?";New York;!
611;film;"The 1939 movie ""The Wizard of Oz"" contained a horse that changed color, what material did they use to achieve this effect?";Gelatin;!
612;geography;What is the capital of Senegal?;Dakar;!
613;film;Which boxer was famous for striking the gong in the introduction to J. Arthur Rank films?;Bombardier Billy Wells;!
614;sports;Who won the 2017 Formula One World Drivers' Championship?;Lewis Hamilton;!
615;history;The seed drill was invented by which British inventor?;Jethro Tull;!
616;mythology;Hel was the daughter of which Norse Mythological figure?;Loki;!
617;geography;What is the only country in the world with a flag that doesn't have four right angles?;Nepal;!
618;geography;What is the largest Muslim country in the world?;Indonesia;!
619;video_games;"Who created the ""Metal Gear"" Series?";Hideo Kojima;!
620;history;What is the oldest US state?;Delaware;!
621;board_games;In a standard game of Monopoly, what colour are the two cheapest properties?;Brown;!
622;general_knowledge;Computer manufacturer Compaq was acquired for $25 billion dollars in 2002 by which company?;Hewlett-Packard;!
623;music;Who won the 1989 Drum Corps International championships?;Santa Clara Vanguard;!
624;general_knowledge;Sciophobia is the fear of what?;Shadows;!
625;video_games;In the game Call of Duty, what is the last level where you play as an American soldier?;Festung Recogne;!
626;sports;At which bridge does the annual Oxford and Cambridge boat race start?;Putney;!
627;sports;What is the oldest team in the NFL?;Arizona Cardinals;!
628;science_and_nature;What is the primary addictive substance found in tobacco?;Nicotine;!
629;general_knowledge;"The Mexican Beer ""Corona"" is what type of beer?";Pale Lager;!
630;vehicles;What car manufacturer gave away their patent for the seat-belt in the interest of saving lives?;Volvo;!
631;music;Who opened for the Monkees on their 1968 American Tour?;Jimi Hendrix;!
632;general;"Not surprisingly, which country often ranks lowest on the Reporters Without Borders ""Press Freedom Index""?";North Korea;!
633;mythology;In Greek mythology, who was jocasta's son?;Oedipus;!
634;geography;What was the capital of West Germany before Berlin was reinstated?;Bonn;!
635;geography;The bridge connecting boston and cambridge via massachusetts avenue is commonly know as the ______?;Harvard Bridge;!
636;geography;In which country is the port of Frey Bentos?;Uruguay;!
637;toysgames;"What word is derived from ""shah mat"", from the Arabic for ""the king is dead""?";Checkmate;!
638;film;Who voices the female hyena in the lion king?;Whoopee Goldberg;!
639;fooddrink;What colour is the flesh of an avocado?;Green;!
640;film;Who played the stepmother in 'my stepmother is an alien'?;Kim Bassinger;!
641;geography;Burma was the former name of which country?;Myanmar;!
642;books;Who is Dinotopia's illustrator?;James Gurney;!
643;history;Where was the bloodiest one day battle fought in the U.S. civil war?;Antietam;!
644;sports;Which game uses the largest ball?;Earthball;!
645;cartoon_and_animations;Snarf' and 'Liono' are both characters from what famous 80s cartoon show?;Thundercats;!
646;general;Since 1988, the brand Acuvue has billed itself as introducing the world's first disposable what?;Contact Lens;!
647;general;In which state is Yale University?;Connecticut;!
648;science;If you were studying Iatrology what would you be studying?;The science of medicine;!
649;books;"An avid art collector himself, what comedian penned the novel ""An Object of Beauty,"" about an ambitious young art dealer?";Steve Martin;!
650;science;What causes the tangy smell at the seaside?;Rotting Seaweed;!
651;music;Jello Biafra is the principal singer-songwriter for what irreverent San Francisco punk band?;The Dead Kennedys;!
652;sportsleisure;In 1994 Oliver McCall defeated who to become world heavyweight boxing champion?;Lennox Lewis;!
653;historyholidays;How do you write 69 in Roman numerals?;LXIX;!
654;film;Maurice Micklewhite became famous as who?;Michael Caine;!
655;music;Members of the Buggles, King Crimson & Yes went on to form which band?;Asia;!
656;sports;"What is ""Magic"" Johnson's first name?";Earvin;!
657;geography;What is the capital of Rwanda?;Kigali;!
658;animals;What is a young beaver called?;Kit;Kitten
659;music;How in the world of music is Richard Starkey more commonly known?;Ringo Starr;!
660;general;The chrysanthemum is the flower for what month?;November;!
661;fooddrink;What is the most popular meal ordered in sit down restaurants in the U.S.?;Fried Chicken;!
662;general;Which area of Dorset which is not an island, is home to Corfe Castle and the town of Swanage?;Isle of Purbeck;!
663;sports;Who was the first Dutch player to become European footballer of the year?;Johan Cruyff;!
664;history;Which capital rose up against its Soviet rulers in 1956?;Budapest;!
665;sports;The 1-wood golf club, used to strike the ball long distances, is better known by what name?;Driver;!
666;geography;The Indus River flows through which country?;Pakistan;!
667;books;Which was the first 'james bond' novel?;Casino Royale;!
668;science;What plant has the largest seed?;Coconut tree;Coconut
669;general;After which creature is the Californian island of Alcatraz named?;Pelican;!
670;general;What did scientists build in a squash court under a football stadium at the university of Chicago in 1942?;Nuclear Reactor;!
671;music;Which singer went solo after performing with the Commodores?;Lionel Richie;!
672;animals;Which marsupial is native to North America?;Opossum;!
673;music;Who is Christina Claire Ciminella?;Wynonna Judd;!
674;geography;What is the capital of Micronesia?;Palikir;!
675;mythology;In Greek mythology who placed callisto in the heavens as the constellation of ursa major?;Zeus;!
676;music;In 2012, pop icon Beyonce gave birth to a daughter with what colorful and unusual name?;Blue Ivy;!
677;film;What filmmaker's 2009 exhibit at New York's Museum of Modern Art included a Jack Skellington figure?;Tim Burton;!
678;general;Hyundai and which other car manufacturer are located in South Korea?;Kia;!
679;mythology;In Greek mythology who solved the riddle of the Sphinx?;Oedipus;!
680;film;Issued on March 4, 1974, what celebrity appeared on the very first cover of People magazine?;Mia Farrow;!
681;history;Which explorers trip was sponsored by Ferdinand and Isabella?;Christopher Columbus;!
682;fooddrink;In which country was the Caesar Salad invented?;Mexico;!
683;geography;Frankfort is the capital of which U.S. state?;Kentucky;!
684;sportsleisure;Which middleweight boxer is the subject of the film 'Raging Bull'?;Jake Le Motta;!
685;general;What do supertankers carry?;Oil;!
686;general;"In 1985, what product's notoriously unsuccessful ""New"" formula was introduced to the public?";Coca Cola;!
687;geography;Which Mediterranean island is named after the soldiers who were skilled in the use of slings?;The Balearics;The Balearic Islands
688;history;What was Trotsky's first name?;Leon;!
689;books;Whose only novel was The Cardinals Mistress?;Benito Mussolini;!
690;music;I'm Gonna Be'(500 miles) was a hit for who?;The Proclaimers;!
691;general;What is liquid clay used in pottery called?;Slip;!
692;music;Who did a double album after leaving the beatles as an effort to raise money for the famine in bangladesh?;George Harrison;!
693;science_and_nature;Foods that are high in fiber contain a complex carbohydrate indigestible to humans called what?;Cellulose;!
694;artliterature;How many tales are there in Chaucers Canterbury Tales?;23;!
695;science_and_nature;Hours how many times do your ribs move every year during breathing?;Five million;About five million
696;music;"Who sang the song ""I'll Be Missing You""?";Puff Daddy;!
697;sports;The Three Stars is the national ice hockey team which country?;Sweden;!
698;animals;A mature Japanese sea squirt eats what?;Its brain;Its own brain
699;geography;On what river is Liverpool?;Mersey;!
700;geography;Which country owns the Hen and Chicken islands?;New Zealand;!
701;fooddrink;What is the main ingredient of an edible faggot?;Liver;!
702;general;Where did the mafia originate?;Sicily;!
703;science_and_nature;What has albumen and a yolk?;Egg;!
704;general;Where would one eat an authentic taco?;Mexico;!
705;general;What is the oldest known infectious disease?;Leprosy;!
706;music;What lucky charm does Luciano Pavarotti carry in his pocket whilst performing?;A bent nail;A nail
707;history;How many names did the first telephone book ever issued contain?;Fifty;!
708;history;What U.S. city was the capital from 1789 to 1790?;New York City;New York
709;music;"Who recorded the million selling album ""No Parlez""?";Paul Young;!
710;music;Which act has had more Christmas number one singles in the UK than any other?;The Beatles;!
711;historyholidays;What came to an end in the United States in December 1933?;Prohibition;!
712;music;Which singer is known as the 'Empress of the Blues'?;Bessie Smith;!
713;general;What nursery rhyme character sang for his supper?;Little Tommy Tucker;!
714;music;Juice Newton was the Queen of what?;Hearts;!
715;music;Which 60's singing duo divorced after 11 years of marriage?;Sonny and Cher;!
716;religionmythology;In Greek mythology, who had nine heads?;Hydra;!
717;sciencenature;Which dam harnesses The Colorado River?;The Hoover Dam;!
718;general;Which is the only U.S. state capital without a McDonald's?;Montpelier;Montpelier, Vermont
719;geography;What is the capital of Jordan?;Amman;!
720;film;Which film won the best sound effects Oscar in 1990?;Hunt For Red October;!
721;sciencenature;Oneirology is a study and interpretation of what?;Dreams;!
722;sportsleisure;What trophy is awarded to the winner of the NHL playoffs?;Stanley Cup;!
723;sciencenature;In what body part does an osteopath specialise?;Bones;!
724;music;Who released the album Anarchy in the UK?;The Sex Pistols;!
725;geography;Beirut is the capital of ______?;Lebanon;!
726;music;What relation is Eagle Eye Cherry to Neneh Cherry?;Half Brother;!
727;music;"Who Had A Hit With ""Rock The Boat"" In 1974?";The Hues Corporation;!
728;fooddrink;Coquille St Jaques is a fancy name for what?;Scallops;!
729;general;"What's the international radio code word for the letter ""B""?";Bravo;!
730;fooddrink;What does 'V.S.O.P' stand for on a bottle of wine or sherry?;Very Special Old Pale;!
731;general;On what number is the decimal system based?;Ten;!
732;general;What was the name of the magazine on Suddenly Susan?;The Gate;!
733;sciencenature;Which Russian chemist (1834-1907) founded our modern periodic table?;Dmitry Ivanovich Mendeleyev;!
734;sciencenature;What is the largest native carnivore in England?;Badger;!
735;geography;In which Irish county can you kiss the Blaney stone?;Cork;!
736;film;Which actor wore an old trenchcoat in one scene in all his films?;David Niven;!
737;geography;What is the capital of France?;Paris;!
738;music;What was the name of Bill Haley's best known band?;The Comets;!
739;sports;In 1984 Los Angeles hosted the Summer Games, which city hosted the Winter Games that year?;Sarajevo;!
740;film;"In the 1998 film ""The Big Lebowski,"" what actress plays Bunny, a trophy wife who wears green nail polish?";Tara Reid;!
741;geography;What are great waves resulting from earthquakes?;Tsunamis;Tsunami waves|Tsunami
742;general;"From which language does the word ""typhoon"" originate?";Chinese;!
743;history;Who was the father of Alexander the Great?;Philip II of Macedon;!
744;books;Which pen name does the author Harry Patterson also use?;Jack Higgins;!
745;geography;What is the lowest body of water on Earth?;Dead Sea;!
746;animals;Indigenous to Africa, the graceful impala is a variety of what animal?;Antelope;!
747;sciencenature;Ten degrees Celsius is the equivalent of how many degrees Fahrenheit?;Fifty Degrees;!
748;general;What is the colour of the italian liqeuer galliano?;Yellow;!
749;sciencenature;What space shuttle did Discovery replace?;Challenger;!
750;geography;What's the capital of Brazil?;Brazilia;!
751;geography;How many U.S. states border the pacific ocean?;Five;!
752;tv;In which long running TV show are you likely to find Susie Dent?;Countdown;!
753;tv;In Friends where does Joey keep his favourite book?;In the freezer;The freezer
754;animals;What is a group of this animal called: Swallow?;Flight;!
755;tv;Following earlier failures on TV, Danny Thomas successfully returns in?;Make;!
756;sciencenature;What causes the tangy smell at the seaside?;Rotting seaweed;!
757;geography;What was Ho Chi Minh City previously known as?;Saigon;!
758;artliterature;For which novel was Boris Pasternak awarded the 1958 Nobel Prize, an award he declined?;Dr Zhivago;!
759;tv;What is Bart Simpson's middle name?;Jojo;!
761;film;What film is about the migration of poor workers from the dust bowl to the California fruit valleys?;Grapes of Wrath;!
762;geography;What is the Capital of: Saint Helena?;Jamestown;!
763;religionmythology;He was condemned in Hades to forever push a boulder uphill, only for it to come rolling down before it reached the top?;Sisyphus;!
764;artliterature;"From which Shakespeare play is this line taken: ""Goodnight, goodnight! Parting is such sweet sorrow, That I should say goodnight till it be morrow.""?";Romeo and Juliet;!
765;general;What European country's national anthem has no official words?;Spain;!
766;general;Collectively, what name is given to the first ten of the twenty six amendments to the United States' Constitution?;The Bill of Rights;!
767;history;Who was the king of England during the American Revolution?;George III;George the Third
768;general;Andy Green first broke the sound barrier on land in what car?;Thrust Ssc;!
769;music;Musically, who described herself as 'The Last of the Red Hot Mommas'?;Sophie Tucker;!
770;artliterature;Which two brothers wrote fairytales in Germany in the 19th century?;The Brothers Grimm;The Grimm Brothers
771;sciencenature;This dry, warm wind flows eastward down the slopes of the Rocky Mountains?;Chinook;!
772;history;What city did General Sherman burn in 1864?;Atlanta;!
773;celebrities;Which dress designer was shot dead in the summer of 1997?;Gianni Versace;!
774;general;What's the unit of measure for a racehorse's height?;Hand;Hands
775;sciencenature;What is the scientific name for brimstone?;Sulphur;!
776;geography;What is the former name of Guinea-Bissau?;Portuguese Guinea;!
777;music;"Who sang the song ""I'll Be Missing You""?";Puff Daddy;!
778;sciencenature;Which piece of science history was created at the Roslin Institute in Scotland on 5th July 1996?;Dolly the sheep;Dolly
779;geography;In which European city is Templehof airport?;Berlin;!
780;film;Who won the Oscar for Best Director for the film The Deer Hunter in 1978?;Michael Cimino;!
781;general;20% of Japanese publications are what?;Comic Books;Comics
782;historyholidays;Who burned Atlanta in 1864?;General Sherman;!
783;general;To promote breast cancer awareness, in 2010 Elizabeth Hurley helped light 39 landmarks what colour?;Pink;!
784;film;James Leblanche Stewart became famous under what name?;Stewart Granger;!
785;entertainment;What film starred Rosie O'Donnell, Rita Wilson and Meg Ryan?;Sleepless in Seattle;!
786;sportsleisure;In which sport is the Brit (Mucky Maureen) from Barnsley the current world champion?;Mud Wrestling;!
787;general;What is the shadow-casting pointer on a sundial called?;Gnomon;!
788;historyholidays;He ruled Rome when Christ was born?;Caesar Augustus;!
789;music;What was singer Chris Hamill's stage name?;Limahl;!
790;sciencenature;What type of animal lives in a formicary?;Ants;Ant
791;historyholidays;Who invented the thermometer in 1593?;Galileo;!
792;sciencenature;What is a group of flies?;Business;!
793;tv;What was the name of the older brother on Happy Days?;Chuck Cunningham;!
794;books;In which Charles Dickens novel does Herbert Pocket appear?;Great Expectations;!
795;celebrities;"Who famously said ""if in doubt, tell the truth""?";Mark Twain;!
796;animals;What is a group of squirrels called?;Dray;!
797;politics;Before becoming vice president, Joe Biden served as what U.S. state's senator for 36 years?;Delaware;!
798;sciencenature;What is the technical name for 'falling stars'?;Meteors;!
799;sciencenature;This instrument measures the velocity of the wind?;Anemometer;!
800;general;Who makes Pringles?;Proctor and Gamble;!
801;religionmythology;Who is the Norse god of lightning?;Odin;!
802;geography;What is the basic unit of currency for Yemen?;Rial;!
803;sports;Mintonette was the original name of what sport?;Volleyball;!
804;tv;Bugs Bunny was a caricature of what actor?;Clark Gable;!
805;history;How many bags of mail were lost by the Pony Express?;One;!
806;fooddrink;Miso, a basic ingredient in Japanese cooking, is made of what?;Soybean Paste;Soybean|Soybeans
807;geography;Mauritania is in which continent?;Africa;!
808;film;Whose autobiography is called 'All of me'?;Barbara Windsor;Barbara Windsor's
809;tv;What was the first Hanna-Barbera cartoon?;Ruff and Reddy;!
810;sportsleisure;What is Ian Botham's middle name?;Terrence;!
811;geography;What is the capital of Ethiopia?;Addis Ababa;!
812;tv;On Happy Days, what animal did Fonzie jump his motorcycle over?;A shark;!
813;history;Who was united nation's first general secretary?;Trygve Lie;!
814;fooddrink;Swine is a Chinese brand name of which food?;Chocolate;!
815;music;Which pop group of the 90's were made up of John Hendry, Tony Mortimer, Brian Harvey and Terry Caldwell?;East 17;!
816;general;The caduceus, a staff entwined with two serpents, is the symbol for what profession?;Medicine;!
817;geography;What is the Capital of Belize?;Belmopan;!
818;general;"What's the international radio code word for the letter ""G""?";Golf;!
819;books;Who Wrote the Novel 'The Witching Hour'?;Anne Rice;!
820;celebrities;Who won an Oscar for the soundtrack to Chariots of Fire?;Vangelis;!
821;science;Where in your body is your patella?;Knee;On the knee|On your knee|In the knee|In your knee
822;artliterature;What dance is associated with Vienna?;The Waltz;!
823;historyholidays;Which former British prime minister returned to power in 1951?;Winston Churchill;!
824;science;The silkworm lives on a diet of leaves from only one type of plant, what is it?;Mulberry;!
825;film;"What was Tom Cruise's call sign in the movie ""Top Gun""?";Maverick;!
826;music;Name the band from the following members: Robert Plant, Jimmy Page, John Paul Jones, John Bonham?;Led Zeppelin;!
827;geography;Which country is the Island of Korcula part of?;Croatia;!
828;books;Elizabeth Bennett is the central character in what novel?;Pride and Prejudice;!
829;geography;What is the capital of Alaska?;Juneau;!
830;sportsleisure;What sport is sometimes called 'rugger'?;Rugby Union;Rugby
831;general;In Chicago its illegal to fish wearing what?;Your Pyjamas;Pyjamas
832;geography;What is the largest country in Africa, by area?;Sudan;!
833;music;Who released the 70's album 'Arrival'?;Abba;!
834;general;Whose likeness is displayed on the purple heart medal?;George Washington;!
835;science;The process of splitting atoms is called?;Fission;!
836;history;Who did Spain fight in the 1808-1814 Peninsular War?;Portugal;!
837;film;"Which movie was reportedly so bad it inspired the Golden Raspberry Awards, which ""honor"" Hollywood's worst films?";Xanadu;!
838;sciencenature;Phobos and Deimos are the moons of which planet?;Mars;!
839;entertainment;Who shot Bruce Wayne's parents?;Joe Chill;Chill
840;animals;What kind of creature is a 'Meadow Brown'?;Butterfly;!
841;historyholidays;Which French king was known as the Sun King?;Louis XIV;Louis the 14th|Louis 14th
842;geography;Surfing is believed to have originated where?;Hawaii;!
843;geography;Which two countries form the region of Patagonia?;Argentina and Chile;!
844;fooddrink;What type of pastry is used for profiteroles?;Choux;!
845;animals;Saanen, Hongtong & Toggenburg are all breeds of which animal?;Goats;Goat
846;music;Which duo wrote the musicals Brigadoon and My Fair Lady?;Alan Lerner and Fredric Loewe;!
847;celebrities;Who wrote the line East is East and West is West?;Rudyard Kipling;!
848;general;What is the birthstone for January?;Garnet;!
849;artliterature;How many stories did enid blyton publish in 1959?;59;!
850;general;Where would you find a howdah?;On the back of an elephant;Back of an elephant|On an elephant's back|Elephant's back
851;celebrities;Who signed the USA for Africa poster with his thumbprint?;Stevie Wonder;!
852;film;What was Keanu Reeves' computer world alias in 'the matrix'?;Neo;!
853;entertainment;Who played 'Johnny Mnemonic'?;Keanu Reeves;!
854;entertainment;Who is Goldie Hawns' acting partner?;Kurt Russell;!
855;science;Of which metal is sperrylite the ore?;Platinum;!
856;history;In what city was the world's first blood bank opened in 1940?;New York;New York City
857;film;Alfred Hitchcock's daughter appeared in Psycho, what's her name?;Patricia Hitchcock;!
858;religionmythology;Who killed a dragon in ancient mythology?;St. George;Saint George|George
859;art;Which Swiss artist, born in 1879, painted Landscape With Yellow Birds, The Twittering Machine and Fish Magic?;Paul Klee;!
860;geography;What is the national airline of Brazil called?;Varig;!
861;general;The Comstock load is a silver deposit in what U.S. state?;Nevada;!
862;geography;Which is the only land-locked country in South East Asia?;Laos;!
863;sciencenature;What metal do you get from Hematite?;Iron;!
864;historyholidays;Whose army did Admiral Nelson defeat at the battle of Trafalgar?;Napoleon;Napoleon's
865;sportsleisure;Which sport featured in the Olympics will you find the terms 'Bump, Set, Spike & Pancake''?;Volleyball;!
866;general;What was the first product to have a barcode?;Wrigley's Gum;!
867;history;What was the first country to have a public monorail system?;Japan;!
868;general;What is a triangle whose sides are all of different lengths?;Scalene;!
869;geography;Which waterfall has the highest drop in the world?;Angel Falls;!
870;geography;What is the capital of Oman?;Muscat;!
871;sportsleisure;In which city is the Cotton Bowl played?;Dallas;!
872;celebrities;In 1994, Texas native Tom Ford began his legendary tenure as creative director of what Italian label?;Gucci;!
873;science;What kind of small glass bottle turns liquid perfume into a fine spray?;Atomiser;!
874;science;A plant or animal that grows and feeds on or in another organism is called a what?;Parasite;!
875;artliterature;"Who was the merchant in Shakespeare's ""The Merchant of Venice""?";Antonio;!
876;history;"The 1938 ""War of the Worlds"" radio broadcast convinced listeners that what event had taken place?";Alien Invasion;!
877;geography;Which is the language that is most spoken in the world?;Chinese;!
878;history;What was the language of ancient Rome?;Latin;!
879;fooddrink;What do the initials U.H.T refer to in relation to milk?;Ultra Heat Treated;!
880;history;Who said 'when power corrupts, poetry cleanses'?;John F Kennedy;!
881;sports;Which game is played at 12 a-side for women, but at 10 a-side for men?;Lacrosse;!
882;geography;What U.S. state is home to both Boise National Forest and Coeur d'Alene National Forest?;Idaho;!
883;tv;In 'Star Trek', what is Data's rank?;Lieutenant Commander;!
884;film;"What country was the setting for ""Doctor Zhivago""?";Russia;!
885;general;In the US 20% of all lightning strike deaths occur where?;Golf courses;On golf courses|On a golf course|Golf course
886;geography;What is the capital of South Dakota?;Pierre;!
887;fooddrink;"Opponents of genetically modified food often refer to it by what ""scary"" name?";Frankenfood;!
888;geography;With what country is Fidel Castro associated?;Cuba;!
889;geography;What capital city is found near the headwaters of the Bosna River?;Sarajevo;!
890;historyholidays;Who played Jack Nicholson's wife in The Shining?;Shelley Duvall;!
891;general;What is the flower that stands for: sweet and secret love?;Honey Flower;!
892;animals;What bird has the longest fledging period 360 days?;King Penguin;!
893;general;What is the name for a child's hat tied under the chin?;Bonnet;!
894;film;Which mother and daughter both appeared in John Carpenters The Fog?;Jamie Lee Curtis and Janet Leigh;!
895;celebrities;Who wrote the autobiography 'Managing My Life'?;Sir Alex Ferguson;!
896;sports;What nationality was tennis star Vitas Gerulaitis?;American;USA
897;animals;What is a group of monkeys called?;Troop;!
898;music;"The single ""Respect Yourself"" was released in the 1990's by which die hard music lover?";Bruce Willis;!
899;music;What was Madonna's first UK number one single?;Get into the Groove;!
900;animals;What type of creature is a niffe?;Fish;!
901;sportsleisure;What sport was first introduced into the Olympics in 2000?;Trampolining;!
902;history;Which East African leader gave himself the title of 'Conqueror of the British Empire'?;Idi Amin;!
903;music;Which group had their first U.K. number one tilt ill 1974 with Down Down?;Status Quo;!
904;music;Who was originally known as Harry Webb?;Sir Cliff Richard;!
905;entertainment;What instrument does an organ grinder play?;Hurdy Gurdy;!
906;general;"Like Chevrolet's Volt, Nissan offers a 100% electric car with what ""green"" name?";Leaf;!
907;sportsleisure;Where were the 1988 Olympics held?;Seoul;Seoul, Korea|Seoul, South Korea
908;history;In which American State was the first atomic bomb test carried out in July 1945?;New Mexico;!
909;tv;"Calling it ""historical fiction"" in 2011 the History Channel refused to air a miniseries about what political family?";The Kennedys;!
910;general;What is the highest-pitched woodwind musical instrument?;Piccolo;!
911;celebrities;What duo lost their Grammy for Best New Artist from the eighties?;Milli Vanilli;!
912;music;How old was Leann Rhymes when she had her first number one country album?;Thirteen;!
913;animals;What is a bandy bandy?;A snake;!
914;music;Which song penned by the Gibb Brothers provided Barbara Streisand with her only UK number one single in 1980?;Woman in Love;!
915;geography;What is the largest city in Switzerland?;Zurich;!
916;geography;Which is the smallest continent?;Europe;!
917;geography;What is the saltiest sea in the world?;The Dead Sea;!
918;entertainment;Which actor won Oscars twice for 'best male performance' in the '90s?;Tom Hanks;!
919;mythology;Who was the Norse god of light, beauty & peace?;Balder;!
920;music;Who directed the stage version of The Lion King?;Julia Taymor;!
921;film;Who is the voice of Darth Vadar?;James Earl Jones;!
922;general;What is the literal meaning of 'pince-nez'?;Pinch Nose;!
923;general;What nickname is attached to the US stealth fighter aircraft the f-117a?;Nighthawk;!
924;celebrities;Howard Hughs used to store what in large metal containers?;His urine;Urine
925;music;Which musician of non-U.K. citizenship was awarded an honorary knighthood (KBE) in 1986?;Bob Geldof;!
926;artliterature;The study of building design is ____________?;Architecture;!
927;general;What kitchen utensil is often found in four-sided versions?;Grater;!
928;history;Which of these products is traditionally pink because its inventor only had pink dye on hand at the time of its creation?;Bubble Gum;!
929;entertainment;Where does George Jetson work?;Spacely Sprockets;!
930;music;"Who recorded the album ""Nylon Curtain""?";Billy Joel;!
931;sports;Which tennis player defected to the west in 1975?;Martina Navratilova;!
932;music;Who had his first UK top 40 hit single in 2004 with Magic, thirty years after his death at the age of 26?;Nick Drake;!
933;music;In 1987, who released her second album 'solitude standing'?;Suzanne Vega;!
934;history;Who founded Methodism in 1738?;John Wesley;!
935;general;What is the name of the board at a race track showing odds and results?;Tote;!
936;film;Which directors films included Shivers, Videodrome and The Fly?;David Cronenberg;!
937;fooddrink;What berries give gin its flavour?;Juniper Berries;!
938;artliterature;Who wrote the famous series of Discworld books?;Terry Pratchett;!
939;film;Which film links novelist Ira Levin and Sharon Stone?;Sliver;!
940;science;What instrument is used to measure the strength of a magnetic field?;Magnetometer;!
941;art;The French call it nature morte the Spanish bodegon what is it?;Still Life Painting;!
942;general;ILM, the special effects company founded by George Lucas, stands for Industrial Light and what?;Magic;!
943;general;The average Britain consumes 14571 what in their lifetime?;Pints of beer;!
944;religionmythology;In the Old Testament whose name means Gods with us?;Emanuel;!
945;artliterature;Who wrote the Maltese Falcon?;Dashiell Hammet;!
946;geography;Of which island do Ireland, Britain, Iceland and Norway dispute ownership?;Rockall;Rockall Island
947;tv;On which fictional street does 'Freddy Kruger' live out a nightmare?;Elm Street;!
948;celebrities;Comedian Dan Whitney is better known by what stage name?;Larry The Cable Guy;!
949;music;Which band recorded the live album 'Live and Dangerous'?;Thin Lizzie;!
950;technologyvideogames;As what was Sony's video recorder known?;Betamax;!
951;history;Who was the first Englishman to die in an aircrash?;Charles Rolls;!
952;tv;What show did Claire Danes get her start on?;My So-called Life;!
953;art;Italian painter Jacopo Robusti is better known as who?;Tintoretto;!
954;sportsleisure;On what type of surface are the tennis matches at Wimbledon played?;Grass;!
955;fooddrink;What type of food is Port Salut?;Cheese;!
956;general;Which department of the U.S. federal government has the authority to issue passports?;State;!
957;fooddrink;What is the chief food for half the people in the world?;Rice;!
958;general;What is dittology?;Double Meaning;!
959;history;The Spanish-American War began in 1898 as an intervention by the United States on behalf of what country?;Cuba;!
960;general;What colour does the prefix 'leuco-' refer to?;White;!
961;science;Prized for their distinctive flavor, vanilla beans are the fruit of a rare type of what flower?;Orchids;!
962;history;Which country was the proposed target in the German 'Operation Tannenbaum' in World War II?;Switzerland;!
963;music;"With which rock band does ""Slash"" play guitar?";Guns n Roses;!
964;fooddrink;The Queensland nut or bush nut is more commonly known as this?;Macadamia;!
965;geography;What U.S. state's name is believed to derive from a mythical paradise described in a 1510 Spanish novel?;California;!
966;artliterature;"Of which bird did Wordsworth write ""Shall I call thee bird, or but a wandering voice""?";The Cuckoo;!
967;geography;What country did Queen Beatrix rule?;Netherlands;!
968;geography;What is the Capital of American Samoa?;Pago Pago;!
969;geography;The port of Piraeus serves which European capital?;Athens;!
970;religionmythology;What mountain do Greeks believe was the home of the Muses?;Helicon;!
971;general;What sort of an animal is an anchovy?;Fish;!
972;sports;In what sport did Jeffery Archer win an Oxford Blue (USA Letter)?;Athletics;!
973;religionmythology;In the Bible, Goliath was the champion of which people or tribe?;Philistines;!
974;sports;What brand of footwear is endorsed by Dr. J?;Converse;!
975;sportsleisure;David Campeze was the leading try scorer for which country?;Australia;!
976;music;"Who recorded the 1996 album, ""Older""?";George Michael;!
977;entertainment;Which 1980's Pink Floyd album was made into a film that starred Bob Geldof, and featured the artwork of cartoonist Gerald Scarfe?;The Wall;!
978;science;Which is the geological period before the Ordovician?;Cambrian;!
979;history;The oldest one in America still working opened in 1829, what is it?;Brewery;!
980;music;Who wrote white Christmas while sunning himself in California?;Irving Berlin;!
981;geography;Which region of Spain has Barcelona as its capital?;Catalonia;!
982;sport;In which country do they play houlani, a type of hockey?;Turkey;!
983;fooddrink;Which spirit is added to sugar and egg yolks to make Advocaat?;Brandy;!
984;science;What does a pteridologist study?;Ferns;!
985;sciencenature;What's the most venemous spider?;Black Widow;!
986;celebrities;What is tattooed on Glen Campbell's arm?;A dagger;!
987;geography;Because gold is so coveted there, in what country are brides often draped in more than a kilo of gold jewelry?;India;!
988;science;Carrots are said to be good for the eyes because they enable the body to create what nutrient?;Vitamin A;!
989;music;What is Johnny Rottens real name?;John Lydon;!
990;historyholidays;Who was the first woman in space?;Valentina Tereshkova;!
991;general;In England, what professionals are classified either as barristers or solicitors?;Lawyers;!
992;books;Which American author wrote Moby Dick?;Herman Melville;!
993;tv;"Debuting in 2008, ""The Rachel Maddow Show"" is a popular political talk show that airs on what network?";Msnbc;!
994;fooddrink;Which wine grape variety is most planted in California?;Chardonnay;!
995;sciencenature;A one-humped camel is called a _________.?;Dromedary;!
996;celebrities;"The punny 1966 Time Magazine headline ""Truman's Compote"" combines an author's name and a type of what?";Dessert;!
997;historyholidays;This U.S. Secretary of State won the Nobel Peace Prize in 1973.;Henry Kissinger;!
998;religionmythology;Who was the Greek god of prophecy and archery?;Apollo;!
999;history;What war began in 1899 with the invasion of natal, and ended in 1902 with the peace of vereeniging?;Boer War;!
1000;celebrities;Who married John Lange?;Shania Twain;!
1001;geography;Banaba (or Ocean Island) is found in which country?;Kiribati;!
1002;sportsleisure;How many jumps are there in the Grand National?;30;30 jumps
1003;history;"""What country's quest for independence began with a priest's fiery 1810 speech known as ""The Cry of Dolores""?";Mexico;!
1004;general;What was the name of Garfield's vet?;Liz Wilson;!
1005;general;What was the name of the first U.S. communications satellite to amplify radio & TV signals?;Telstar;!
1006;music;"Who had a hit with ""We Didn't Start The Fire""?";Billy Joel;!
1007;music;"Who had a hit with the song ""Don't Pay The Ferryman""?";Chris De Burgh;!
1008;science;What are white dwarfs and red giants?;Stars;!
1009;history;The Good Friday agreement, signed on Good Friday 1998, is also known as what?;The Belfast Agreement;!
1010;history;A presumed expert at Mongolian beef, Huou was a 13th-century culinary pioneer and personal chef for whom?;Kublai Khan;!
1011;history;Who is credited with inventing television?;John Baird;!
1012;music;"What singer's concerts often include ""Hot Patootie,"" a song he sang as Eddie in ""The Rocky Horror Picture Show""?";Meat Loaf;!
1013;religionmythology;In which book of the Bible did Moses die?;Deuteronomy;!
1014;general;"What's the international radio code word for the letter ""I""?";India;!
1015;history;Which nineteenth century author is buried in Samoa?;Robert Louis Stevenson;!
1016;geography;What is the basic unit of currency for Malaysia?;Ringgit;!
1017;music;Which album cover had to be reshot because it featured unauthorised shots of various personalities?;Some Girls;!
1018;history;How did Virginia Woolf die?;Committed Suicide;!
1019;film;Counterculture icon Timothy Leary was the godfather of what Hollywood actress?;Winona Ryder;!
1020;books;In which town or city was the novelist Sir Waiter Scott born?;Edinburgh;!
1021;fooddrink;Since 1916, Nathan's Hot Dog Eating Contest has been held annually at what iconic New York locale?;Coney Island;!
1022;animals;What is a group of swallows?;Flight;!
1023;film;In a case of life imitating art, Charlie Sheen admitted he took steroids to enhance his performance in what movie?;Major League;!
1024;geography;What is the only French speaking republic in Americas?;Haiti;!
1025;film;Which film starring Julie Andrews and Christopher Plummer won the Oscar for best picture in 1965?;The Sound of Music;!
1026;science;What kind of energy powers most communications satellites?;Solar Energy;!
1027;books;Name Captain Nemo's pet seal?;Esmeralda;!
1028;general;What is the fear of being last known as?;Telosphobia;!
1029;film;Who played Juliet in Zeffirelli's Romeo and Juliet?;Olivia Hussey;!
1030;entertainment;The Who' had a Guiness world record for what?;Loudest Band;!
1031;history;What was the name of the first U.S. space station?;Skylab;!
1032;general;What does a funambulist walk on?;A Tightrope;!
1033;religionmythology;What is the name of the Jewish New Year?;Rosh Hashanah;!
1034;general;Area 51 is located in which US state?;Nevada;!
1035;general;Which U.S. president appears on the front of the $100,000 bill?;Woodrow Wilson;!
1036;history;What was the name of the first U.S. space shuttle?;Enterprise;!
1037;history;What was the name of the first U.S. space shuttle to orbit the Earth?;Columbia;!
1038;history;What was the name of the first U.S. space shuttle to be launched into space?;Columbia;!
1039;general;Which U.S. president appears on the front of the $2 bill?;Thomas Jefferson;!
